Project ID, Project Description, Project Start Date, Budget
1," ""Enforcement of traffic rules""", 2022-01-01,50000
2," ""Park beautification""", 2022-02-01,70000
3," ""Enforcement of environmental regulations""", 2022-03-01, 
4," ""Library expansion""", 2022-04-01,80000
5," ""Enforcement of health and safety standards""", 2022-05-01,60000
6," ""School renovation""", 2022-06-01, 
7," ""Enforcement of zoning regulations""", 2022-07-01,75000
8," ""Road repair""", 2022-08-01,65000
9," ""Enforcement of noise regulations""", 2022-09-01, 
10," ""Bridge construction""", 2022-10-01,85000
